{
  "header": {
    "pack_id": "2f2d6df0-54b6-4fdb-9d09-49f2165ad094",
    "name": "rainbowsheep [Resources]",
    "packs_version": "0.1.0",
    "modules": [
      {
        "description": "rainbowsheep",
        "version": "0.1.0",
        "uuid": "A7A2442E-5CC4-40A6-9413-F753869BEAE9",
        "type": "data"
      }
    ],
    "dependencies": [
      {
        "description": "rainbowsheep",
        "version": "0.1.0",
        "uuid": "dbe15618-4a7b-4893-ab6b-daa0f0c71dc2",
        "type": "resources"
      }
    ]
  }
}